[{"CITY": "Acton", "ABBREV_NAME": "Acton", "LAT_CENTER": "34.503586175", "LON_CENTER": "-118.19919315"}, {"CITY": "Agoura Hills", "ABBREV_NAME": "AgouraHills", "LAT_CENTER": "34.1433626857", "LON_CENTER": "-118.7583707714"}, {"CITY": "Agua Dulce", "ABBREV_NAME": "AguaDulce", "LAT_CENTER": "34.4777424667", "LON_CENTER": "-118.3540051667"}, {"CITY": "Alhambra", "ABBREV_NAME": "Alhambra", "LAT_CENTER": "34.08447251", "LON_CENTER": "-118.135049755"}, {"CITY": "Alondra Park", "ABBREV_NAME": "AlondraPark", "LAT_CENTER": "33.8902589", "LON_CENTER": "-118.3347944"}, {"CITY": "Altadena", "ABBREV_NAME": "Altadena", "LAT_CENTER": "34.19094193", "LON_CENTER": "-118.13736846"}, {"CITY": "Arcadia", "ABBREV_NAME": "Arcadia", "LAT_CENTER": "34.1264689625", "LON_CENTER": "-118.0342508187"}, {"CITY": "Artesia", "ABBREV_NAME": "Artesia", "LAT_CENTER": "33.8691633667", "LON_CENTER": "-118.0810615667"}, {"CITY": "Avalon", "ABBREV_NAME": "Avalon", "LAT_CENTER": "33.13401525", "LON_CENTER": "-118.41325565"}, {"CITY": "Avocado Heights", "ABBREV_NAME": "AvocadoHeights", "LAT_CENTER": "34.03195695", "LON_CENTER": "-117.988605875"}, {"CITY": "Azusa", "ABBREV_NAME": "Azusa", "LAT_CENTER": "34.1258805333", "LON_CENTER": "-117.9036851533"}, {"CITY": "Baldwin Park", "ABBREV_NAME": "BaldwinPark", "LAT_CENTER": "34.0795540684", "LON_CENTER": "-117.9717252789"}, {"CITY": "Bell", "ABBREV_NAME": "Bell", "LAT_CENTER": "33.9768969", "LON_CENTER": "-118.1839235222"}, {"CITY": "Bell Gardens", "ABBREV_NAME": "BellGardens", "LAT_CENTER": "33.9659251222", "LON_CENTER": "-118.1563268556"}, {"CITY": "Bellflower", "ABBREV_NAME": "Bellflower", "LAT_CENTER": "33.8873843667", "LON_CENTER": "-118.1280965333"}, {"CITY": "Beverly Hills", "ABBREV_NAME": "BeverlyHills", "LAT_CENTER": "34.0712050286", "LON_CENTER": "-118.3975846857"}, {"CITY": "Bradbury", "ABBREV_NAME": "Bradbury", "LAT_CENTER": "34.1531592", "LON_CENTER": "-117.9688184"}, {"CITY": "Burbank (Los Angeles County)", "ABBREV_NAME": "Burbank(LosAngelesCounty)", "LAT_CENTER": "34.1805923577", "LON_CENTER": "-118.3262663077"}, {"CITY": "Calabasas", "ABBREV_NAME": "Calabasas", "LAT_CENTER": "34.131522825", "LON_CENTER": "-118.6672280625"}, {"CITY": "Carson", "ABBREV_NAME": "Carson", "LAT_CENTER": "33.8341778875", "LON_CENTER": "-118.25923615"}, {"CITY": "Castaic", "ABBREV_NAME": "Castaic", "LAT_CENTER": "34.52136934", "LON_CENTER": "-118.64552348"}, {"CITY": "Cerritos", "ABBREV_NAME": "Cerritos", "LAT_CENTER": "33.8663654182", "LON_CENTER": "-118.0656632273"}, {"CITY": "Charter Oak", "ABBREV_NAME": "CharterOak", "LAT_CENTER": "34.09760006", "LON_CENTER": "-117.85868342"}, {"CITY": "Citrus", "ABBREV_NAME": "Citrus", "LAT_CENTER": "34.11804395", "LON_CENTER": "-117.8842671125"}, {"CITY": "Claremont", "ABBREV_NAME": "Claremont", "LAT_CENTER": "34.11341218", "LON_CENTER": "-117.72400555"}, {"CITY": "Commerce", "ABBREV_NAME": "Commerce", "LAT_CENTER": "34.0029379", "LON_CENTER": "-118.164186975"}, {"CITY": "Compton", "ABBREV_NAME": "Compton", "LAT_CENTER": "33.896287531", "LON_CENTER": "-118.2221089207"}, {"CITY": "Covina", "ABBREV_NAME": "Covina", "LAT_CENTER": "34.0932213533", "LON_CENTER": "-117.88523496"}, {"CITY": "Cudahy", "ABBREV_NAME": "Cudahy", "LAT_CENTER": "33.9640797333", "LON_CENTER": "-118.1841477"}, {"CITY": "Culver City", "ABBREV_NAME": "CulverCity", "LAT_CENTER": "34.0057697444", "LON_CENTER": "-118.4012629111"}, {"CITY": "Del Aire", "ABBREV_NAME": "DelAire", "LAT_CENTER": "33.91470145", "LON_CENTER": "-118.3684113"}, {"CITY": "Desert View Highlands", "ABBREV_NAME": "DesertViewHighlands", "LAT_CENTER": "34.58511195", "LON_CENTER": "-118.15457305"}, {"CITY": "Diamond Bar", "ABBREV_NAME": "DiamondBar", "LAT_CENTER": "33.9948779077", "LON_CENTER": "-117.8284487923"}, {"CITY": "Downey", "ABBREV_NAME": "Downey", "LAT_CENTER": "33.9361191333", "LON_CENTER": "-118.1322726556"}, {"CITY": "Duarte", "ABBREV_NAME": "Duarte", "LAT_CENTER": "34.14342492", "LON_CENTER": "-117.96164494"}, {"CITY": "East Los Angeles", "ABBREV_NAME": "EastLosAngeles", "LAT_CENTER": "34.0312610897", "LON_CENTER": "-118.1676987724"}, {"CITY": "East Pasadena", "ABBREV_NAME": "EastPasadena", "LAT_CENTER": "34.1382818", "LON_CENTER": "-118.0776335"}, {"CITY": "East Rancho Dominguez", "ABBREV_NAME": "EastRanchoDominguez", "LAT_CENTER": "33.8985492286", "LON_CENTER": "-118.1946119143"}, {"CITY": "East San Gabriel", "ABBREV_NAME": "EastSanGabriel", "LAT_CENTER": "34.1129608857", "LON_CENTER": "-118.0798869286"}, {"CITY": "East Whittier", "ABBREV_NAME": "EastWhittier", "LAT_CENTER": "33.9248395", "LON_CENTER": "-117.98966275"}, {"CITY": "El Monte", "ABBREV_NAME": "ElMonte", "LAT_CENTER": "34.0753205862", "LON_CENTER": "-118.0286712621"}, {"CITY": "El Segundo", "ABBREV_NAME": "ElSegundo", "LAT_CENTER": "33.9192548857", "LON_CENTER": "-118.4194847857"}, {"CITY": "Elizabeth Lake", "ABBREV_NAME": "ElizabethLake", "LAT_CENTER": "34.6457349", "LON_CENTER": "-118.4296912667"}, {"CITY": "Florence-Graham", "ABBREV_NAME": "Florence-Graham", "LAT_CENTER": "33.9701373", "LON_CENTER": "-118.2453043385"}, {"CITY": "Gardena", "ABBREV_NAME": "Gardena", "LAT_CENTER": "33.8929905812", "LON_CENTER": "-118.30668745"}, {"CITY": "Glendale", "ABBREV_NAME": "Glendale", "LAT_CENTER": "34.16252875", "LON_CENTER": "-118.2540695214"}, {"CITY": "Glendora", "ABBREV_NAME": "Glendora", "LAT_CENTER": "34.1288848333", "LON_CENTER": "-117.8535844733"}, {"CITY": "Green Valley (Los Angeles County)", "ABBREV_NAME": "GreenValley(LosAngelesCounty)", "LAT_CENTER": "34.5893747", "LON_CENTER": "-118.5101275"}, {"CITY": "Hacienda Heights", "ABBREV_NAME": "HaciendaHeights", "LAT_CENTER": "33.9931135562", "LON_CENTER": "-117.9660341812"}, {"CITY": "Hasley Canyon", "ABBREV_NAME": "HasleyCanyon", "LAT_CENTER": "34.489650825", "LON_CENTER": "-118.669744525"}, {"CITY": "Hawaiian Gardens", "ABBREV_NAME": "HawaiianGardens", "LAT_CENTER": "33.8306602", "LON_CENTER": "-118.0731987667"}, {"CITY": "Hawthorne", "ABBREV_NAME": "Hawthorne", "LAT_CENTER": "33.914213484", "LON_CENTER": "-118.34681698"}, {"CITY": "Hermosa Beach", "ABBREV_NAME": "HermosaBeach", "LAT_CENTER": "33.8701294167", "LON_CENTER": "-118.4123726333"}, {"CITY": "Hidden Hills", "ABBREV_NAME": "HiddenHills", "LAT_CENTER": "34.160739", "LON_CENTER": "-118.6696774"}, {"CITY": "Huntington Park", "ABBREV_NAME": "HuntingtonPark", "LAT_CENTER": "33.9797777929", "LON_CENTER": "-118.2150382786"}, {"CITY": "Industry", "ABBREV_NAME": "Industry", "LAT_CENTER": "34.02430325", "LON_CENTER": "-117.9585637357"}, {"CITY": "Inglewood", "ABBREV_NAME": "Inglewood", "LAT_CENTER": "33.95558187", "LON_CENTER": "-118.3470988733"}, {"CITY": "Irwindale", "ABBREV_NAME": "Irwindale", "LAT_CENTER": "34.111855", "LON_CENTER": "-117.963614"}, {"CITY": "La Ca\u00f1ada Flintridge", "ABBREV_NAME": "LaCanadaFlintridge", "LAT_CENTER": "34.210292575", "LON_CENTER": "-118.201425625"}, {"CITY": "La Crescenta-Montrose", "ABBREV_NAME": "LaCrescenta-Montrose", "LAT_CENTER": "34.226066275", "LON_CENTER": "-118.23491095"}, {"CITY": "La Habra Heights", "ABBREV_NAME": "LaHabraHeights", "LAT_CENTER": "33.9595529333", "LON_CENTER": "-117.9358637667"}, {"CITY": "La Mirada", "ABBREV_NAME": "LaMirada", "LAT_CENTER": "33.9047542545", "LON_CENTER": "-118.0069363"}, {"CITY": "La Puente", "ABBREV_NAME": "LaPuente", "LAT_CENTER": "34.0390071417", "LON_CENTER": "-117.9585004083"}, {"CITY": "La Verne", "ABBREV_NAME": "LaVerne", "LAT_CENTER": "34.1180156143", "LON_CENTER": "-117.7707673857"}, {"CITY": "Ladera Heights", "ABBREV_NAME": "LaderaHeights", "LAT_CENTER": "33.9914254", "LON_CENTER": "-118.3788855667"}, {"CITY": "Lake Hughes", "ABBREV_NAME": "LakeHughes", "LAT_CENTER": "34.6898048", "LON_CENTER": "-118.58521615"}, {"CITY": "Lake Los Angeles", "ABBREV_NAME": "LakeLosAngeles", "LAT_CENTER": "34.6349885667", "LON_CENTER": "-117.8146715333"}, {"CITY": "Lakewood", "ABBREV_NAME": "Lakewood", "LAT_CENTER": "33.8448908053", "LON_CENTER": "-118.1208032368"}, {"CITY": "Lancaster", "ABBREV_NAME": "Lancaster", "LAT_CENTER": "34.6859488023", "LON_CENTER": "-118.1564252326"}, {"CITY": "Lawndale", "ABBREV_NAME": "Lawndale", "LAT_CENTER": "33.8878617375", "LON_CENTER": "-118.3527015875"}, {"CITY": "Lennox", "ABBREV_NAME": "Lennox", "LAT_CENTER": "33.9395801167", "LON_CENTER": "-118.3569148"}, {"CITY": "Leona Valley", "ABBREV_NAME": "LeonaValley", "LAT_CENTER": "34.585316", "LON_CENTER": "-118.36129085"}, {"CITY": "Littlerock", "ABBREV_NAME": "Littlerock", "LAT_CENTER": "34.50931035", "LON_CENTER": "-117.85763005"}, {"CITY": "Lomita", "ABBREV_NAME": "Lomita", "LAT_CENTER": "33.79285596", "LON_CENTER": "-118.31721026"}, {"CITY": "Long Beach", "ABBREV_NAME": "LongBeach", "LAT_CENTER": "33.8042568965", "LON_CENTER": "-118.1671837652"}, {"CITY": "Los Angeles", "ABBREV_NAME": "LosAngeles", "LAT_CENTER": "34.0914322723", "LON_CENTER": "-118.3691343193"}, {"CITY": "Lynwood", "ABBREV_NAME": "Lynwood", "LAT_CENTER": "33.9244862667", "LON_CENTER": "-118.2024814333"}, {"CITY": "Malibu", "ABBREV_NAME": "Malibu", "LAT_CENTER": "34.023443675", "LON_CENTER": "-118.7220564625"}, {"CITY": "Manhattan Beach", "ABBREV_NAME": "ManhattanBeach", "LAT_CENTER": "33.89175841", "LON_CENTER": "-118.41101401"}, {"CITY": "Marina del Rey", "ABBREV_NAME": "MarinadelRey", "LAT_CENTER": "33.9737796", "LON_CENTER": "-118.4575883"}, {"CITY": "Mayflower Village", "ABBREV_NAME": "MayflowerVillage", "LAT_CENTER": "34.11839615", "LON_CENTER": "-118.00868785"}, {"CITY": "Maywood", "ABBREV_NAME": "Maywood", "LAT_CENTER": "33.9886416571", "LON_CENTER": "-118.1883444857"}, {"CITY": "Monrovia", "ABBREV_NAME": "Monrovia", "LAT_CENTER": "34.1393347909", "LON_CENTER": "-118.0018513091"}, {"CITY": "Montebello", "ABBREV_NAME": "Montebello", "LAT_CENTER": "34.0154587063", "LON_CENTER": "-118.1166153"}, {"CITY": "Monterey Park", "ABBREV_NAME": "MontereyPark", "LAT_CENTER": "34.0530414133", "LON_CENTER": "-118.1303932667"}, {"CITY": "North El Monte", "ABBREV_NAME": "NorthElMonte", "LAT_CENTER": "34.1024524", "LON_CENTER": "-118.0204"}, {"CITY": "Norwalk", "ABBREV_NAME": "Norwalk", "LAT_CENTER": "33.9071074727", "LON_CENTER": "-118.0823912864"}, {"CITY": "Palmdale", "ABBREV_NAME": "Palmdale", "LAT_CENTER": "34.5740045775", "LON_CENTER": "-118.0971995325"}, {"CITY": "Palos Verdes Estates", "ABBREV_NAME": "PalosVerdesEstates", "LAT_CENTER": "33.8185978", "LON_CENTER": "-118.42568885"}, {"CITY": "Paramount", "ABBREV_NAME": "Paramount", "LAT_CENTER": "33.8997287", "LON_CENTER": "-118.1638539909"}, {"CITY": "Pasadena", "ABBREV_NAME": "Pasadena", "LAT_CENTER": "34.1576011421", "LON_CENTER": "-118.1297763474"}, {"CITY": "Pepperdine University", "ABBREV_NAME": "PepperdineUniversity", "LAT_CENTER": "34.0618547", "LON_CENTER": "-118.7415768"}, {"CITY": "Pico Rivera", "ABBREV_NAME": "PicoRivera", "LAT_CENTER": "33.99022504", "LON_CENTER": "-118.0846255333"}, {"CITY": "Pomona", "ABBREV_NAME": "Pomona", "LAT_CENTER": "34.0585472743", "LON_CENTER": "-117.76116152"}, {"CITY": "Quartz Hill", "ABBREV_NAME": "QuartzHill", "LAT_CENTER": "34.65601434", "LON_CENTER": "-118.20924662"}, {"CITY": "Rancho Palos Verdes", "ABBREV_NAME": "RanchoPalosVerdes", "LAT_CENTER": "33.7708466308", "LON_CENTER": "-118.3822639923"}, {"CITY": "Redondo Beach", "ABBREV_NAME": "RedondoBeach", "LAT_CENTER": "33.8595362", "LON_CENTER": "-118.3858539867"}, {"CITY": "Rolling Hills (Los Angeles County)", "ABBREV_NAME": "RollingHills(LosAngelesCounty)", "LAT_CENTER": "33.7600164", "LON_CENTER": "-118.3471684"}, {"CITY": "Rolling Hills Estates", "ABBREV_NAME": "RollingHillsEstates", "LAT_CENTER": "33.7714910833", "LON_CENTER": "-118.3588940833"}, {"CITY": "Rose Hills", "ABBREV_NAME": "RoseHills", "LAT_CENTER": "34.0156458", "LON_CENTER": "-118.0405568"}, {"CITY": "Rosemead", "ABBREV_NAME": "Rosemead", "LAT_CENTER": "34.0614626", "LON_CENTER": "-118.0848119"}, {"CITY": "Rowland Heights", "ABBREV_NAME": "RowlandHeights", "LAT_CENTER": "33.98457205", "LON_CENTER": "-117.8953342333"}, {"CITY": "San Dimas", "ABBREV_NAME": "SanDimas", "LAT_CENTER": "34.1026068333", "LON_CENTER": "-117.8222894"}, {"CITY": "San Fernando", "ABBREV_NAME": "SanFernando", "LAT_CENTER": "34.28992212", "LON_CENTER": "-118.43541782"}, {"CITY": "San Gabriel", "ABBREV_NAME": "SanGabriel", "LAT_CENTER": "34.0966229917", "LON_CENTER": "-118.0957447"}, {"CITY": "San Marino", "ABBREV_NAME": "SanMarino", "LAT_CENTER": "34.121978425", "LON_CENTER": "-118.10667615"}, {"CITY": "San Pasqual", "ABBREV_NAME": "SanPasqual", "LAT_CENTER": "34.1392218", "LON_CENTER": "-118.102524"}, {"CITY": "Santa Clarita", "ABBREV_NAME": "SantaClarita", "LAT_CENTER": "34.4200608038", "LON_CENTER": "-118.4922644712"}, {"CITY": "Santa Fe Springs", "ABBREV_NAME": "SantaFeSprings", "LAT_CENTER": "33.943421375", "LON_CENTER": "-118.0622079625"}, {"CITY": "Santa Monica", "ABBREV_NAME": "SantaMonica", "LAT_CENTER": "34.0190601429", "LON_CENTER": "-118.4836695143"}, {"CITY": "Sierra Madre", "ABBREV_NAME": "SierraMadre", "LAT_CENTER": "34.16845275", "LON_CENTER": "-118.05495515"}, {"CITY": "Signal Hill", "ABBREV_NAME": "SignalHill", "LAT_CENTER": "33.8079378", "LON_CENTER": "-118.1648224"}, {"CITY": "South El Monte", "ABBREV_NAME": "SouthElMonte", "LAT_CENTER": "34.0471988833", "LON_CENTER": "-118.0415357167"}, {"CITY": "South Gate", "ABBREV_NAME": "SouthGate", "LAT_CENTER": "33.9468740571", "LON_CENTER": "-118.2019970762"}, {"CITY": "South Monrovia Island", "ABBREV_NAME": "SouthMonroviaIsland", "LAT_CENTER": "34.12976485", "LON_CENTER": "-117.9963148"}, {"CITY": "South Pasadena", "ABBREV_NAME": "SouthPasadena", "LAT_CENTER": "34.1113097833", "LON_CENTER": "-118.1565762833"}, {"CITY": "South San Gabriel", "ABBREV_NAME": "SouthSanGabriel", "LAT_CENTER": "34.0458313333", "LON_CENTER": "-118.0930641333"}, {"CITY": "South San Jose Hills", "ABBREV_NAME": "SouthSanJoseHills", "LAT_CENTER": "34.0137429167", "LON_CENTER": "-117.9030346167"}, {"CITY": "South Whittier", "ABBREV_NAME": "SouthWhittier", "LAT_CENTER": "33.9336274308", "LON_CENTER": "-118.0327925154"}, {"CITY": "Stevenson Ranch", "ABBREV_NAME": "StevensonRanch", "LAT_CENTER": "34.3840809667", "LON_CENTER": "-118.6022912667"}, {"CITY": "Sun Village", "ABBREV_NAME": "SunVillage", "LAT_CENTER": "34.5673814333", "LON_CENTER": "-117.9615988667"}, {"CITY": "Temple City", "ABBREV_NAME": "TempleCity", "LAT_CENTER": "34.1047569083", "LON_CENTER": "-118.0570713583"}, {"CITY": "Topanga", "ABBREV_NAME": "Topanga", "LAT_CENTER": "34.098689275", "LON_CENTER": "-118.6182295"}, {"CITY": "Torrance", "ABBREV_NAME": "Torrance", "LAT_CENTER": "33.8385453171", "LON_CENTER": "-118.3480591743"}, {"CITY": "Val Verde", "ABBREV_NAME": "ValVerde", "LAT_CENTER": "34.4444857", "LON_CENTER": "-118.6737987"}, {"CITY": "Valinda", "ABBREV_NAME": "Valinda", "LAT_CENTER": "34.0421693111", "LON_CENTER": "-117.9280302"}, {"CITY": "Vernon", "ABBREV_NAME": "Vernon", "LAT_CENTER": "34.001123", "LON_CENTER": "-118.2108689"}, {"CITY": "View Park-Windsor Hills", "ABBREV_NAME": "ViewPark-WindsorHills", "LAT_CENTER": "33.99514885", "LON_CENTER": "-118.34728645"}, {"CITY": "Vincent", "ABBREV_NAME": "Vincent", "LAT_CENTER": "34.09581695", "LON_CENTER": "-117.922225975"}, {"CITY": "Walnut", "ABBREV_NAME": "Walnut", "LAT_CENTER": "34.0328508", "LON_CENTER": "-117.8580341125"}, {"CITY": "Walnut Park", "ABBREV_NAME": "WalnutPark", "LAT_CENTER": "33.9679865", "LON_CENTER": "-118.22229535"}, {"CITY": "West Athens", "ABBREV_NAME": "WestAthens", "LAT_CENTER": "33.9235558667", "LON_CENTER": "-118.3055471333"}, {"CITY": "West Carson", "ABBREV_NAME": "WestCarson", "LAT_CENTER": "33.8226268", "LON_CENTER": "-118.29299202"}, {"CITY": "West Covina", "ABBREV_NAME": "WestCovina", "LAT_CENTER": "34.05165267", "LON_CENTER": "-117.91383187"}, {"CITY": "West Hollywood", "ABBREV_NAME": "WestHollywood", "LAT_CENTER": "34.0893453143", "LON_CENTER": "-118.3704846"}, {"CITY": "West Puente Valley", "ABBREV_NAME": "WestPuenteValley", "LAT_CENTER": "34.0524528857", "LON_CENTER": "-117.9700235286"}, {"CITY": "West Rancho Dominguez", "ABBREV_NAME": "WestRanchoDominguez", "LAT_CENTER": "33.9044654", "LON_CENTER": "-118.2632143143"}, {"CITY": "West Whittier-Los Nietos", "ABBREV_NAME": "WestWhittier-LosNietos", "LAT_CENTER": "33.9811016", "LON_CENTER": "-118.0657404167"}, {"CITY": "Westlake Village", "ABBREV_NAME": "WestlakeVillage", "LAT_CENTER": "34.1419387", "LON_CENTER": "-118.793620575"}, {"CITY": "Westmont", "ABBREV_NAME": "Westmont", "LAT_CENTER": "33.9413335", "LON_CENTER": "-118.3004503571"}, {"CITY": "Whittier", "ABBREV_NAME": "Whittier", "LAT_CENTER": "33.968848875", "LON_CENTER": "-118.0321520143"}, {"CITY": "Willowbrook", "ABBREV_NAME": "Willowbrook", "LAT_CENTER": "33.9203095143", "LON_CENTER": "-118.2367755143"}]